iccs,geo,TIME_PERIOD,No of cases,female_prisoners,male_prisoners
Intentional homicide,Albania,2008,2.78,3.22,68.43
Intentional homicide,Albania,2009,2.57,0.56,77.62
Intentional homicide,Albania,2011,4.38,2.27,76.94
Intentional homicide,Albania,2014,3.38,1.11,72.6
Intentional homicide,Albania,2015,1.86,0.28,26.21
Intentional homicide,Albania,2016,2.46,0.28,21.97
Intentional homicide,Albania,2017,1.81,0.21,29.31
Intentional homicide,Albania,2018,1.78,0.21,28.36
Intentional homicide,Albania,2019,2.03,0.14,27.42
Intentional homicide,Albania,2020,1.83,0.07,28.93
Intentional homicide,Albania,2021,2.16,0.07,28.65
Intentional homicide,Albania,2022,1.5,0.07,29.78
Intentional homicide,Austria,2008,0.7,0.84,12.32
Intentional homicide,Austria,2009,0.61,0.84,11.91
Intentional homicide,Austria,2010,0.73,0.86,12.03
Intentional homicide,Austria,2011,0.96,0.72,12.31
Intentional homicide,Austria,2012,1.05,0.74,12.3
Intentional homicide,Austria,2013,0.75,0.85,11.54
Intentional homicide,Austria,2014,0.51,0.85,11.02
Intentional homicide,Austria,2015,0.49,0.84,10.73
Intentional homicide,Austria,2016,0.56,0.14,11.28
Intentional homicide,Austria,2017,0.7,0.87,10.64
Intentional homicide,Austria,2018,0.83,0.67,7.72
Intentional homicide,Austria,2019,0.84,0.69,7.94
Intentional homicide,Austria,2020,0.61,0.73,8.15
Intentional homicide,Austria,2021,0.66,0.82,8.07
Intentional homicide,Austria,2022,0.72,0.83,7.8
Intentional homicide,Belgium,2008,1.91,0.94,15.26
Intentional homicide,Belgium,2009,1.76,0.73,14.69
Intentional homicide,Belgium,2010,1.74,0.81,15.29
Intentional homicide,Belgium,2011,1.95,0.88,14.83
Intentional homicide,Belgium,2012,1.86,1.12,15.17
Intentional homicide,Bulgaria,2008,2.29,1.35,28.03
Intentional homicide,Bulgaria,2009,2.01,1.38,27.42
Intentional homicide,Bulgaria,2010,1.99,1.42,25.6
Intentional homicide,Bulgaria,2011,1.74,1.14,26.08
Intentional homicide,Bulgaria,2012,1.92,0.98,26.47
Intentional homicide,Bulgaria,2013,1.5,0.91,25.42
Intentional homicide,Bulgaria,2014,1.55,0.97,24.43
Intentional homicide,Bulgaria,2015,1.75,1.0,22.04
Intentional homicide,Bulgaria,2016,1.1,1.01,22.26
Intentional homicide,Bulgaria,2017,1.34,0.93,23.62
Intentional homicide,Bulgaria,2018,1.3,1.08,23.17
Intentional homicide,Bulgaria,2019,1.16,1.0,23.91
Intentional homicide,Bulgaria,2020,0.96,0.92,23.77
Intentional homicide,Bulgaria,2021,1.29,0.9,21.29
Intentional homicide,Bulgaria,2022,1.11,0.79,23.5
Intentional homicide,Croatia,2008,1.65,0.67,20.51
Intentional homicide,Croatia,2009,1.14,1.07,20.66
Intentional homicide,Croatia,2010,1.44,0.72,19.81
Intentional homicide,Croatia,2012,1.19,0.59,18.47
Intentional homicide,Croatia,2013,1.08,0.77,18.77
Intentional homicide,Croatia,2014,0.85,0.68,18.29
Intentional homicide,Croatia,2015,0.88,0.73,15.84
Intentional homicide,Croatia,2018,0.58,0.85,15.64
Intentional homicide,Croatia,2019,0.81,0.95,14.65
Intentional homicide,Croatia,2020,0.99,0.81,13.85
Intentional homicide,Croatia,2021,0.82,1.01,14.86
Intentional homicide,Croatia,2022,0.8,1.05,16.65
Intentional homicide,Cyprus,2009,2.38,0.0,4.36
Intentional homicide,Cyprus,2010,0.85,0.24,4.5
Intentional homicide,Cyprus,2011,0.95,0.23,4.4
Intentional homicide,Cyprus,2012,2.2,0.23,4.53
Intentional homicide,Cyprus,2013,1.27,0.45,3.8
Intentional homicide,Cyprus,2022,0.77,0.43,13.38
Intentional homicide,Czechia,2011,0.79,1.8,22.36
Intentional homicide,Czechia,2012,0.9,1.66,19.79
Intentional homicide,Czechia,2013,0.86,1.79,20.56
Intentional homicide,Czechia,2014,0.77,2.0,20.4
Intentional homicide,Czechia,2015,0.84,2.01,14.87
Intentional homicide,Czechia,2016,0.62,2.22,20.69
Intentional homicide,Czechia,2017,0.38,2.12,19.79
Intentional homicide,Czechia,2018,0.52,2.21,18.99
Intentional homicide,Czechia,2019,0.76,2.02,17.71
Intentional homicide,Czechia,2020,0.53,2.12,17.15
Intentional homicide,Czechia,2021,0.43,2.01,16.66
Intentional homicide,Czechia,2022,0.75,2.23,17.69
Intentional homicide,Denmark,2008,0.96,0.51,5.9
Intentional homicide,Denmark,2009,1.01,0.5,6.08
Intentional homicide,Denmark,2010,0.89,0.54,6.45
Intentional homicide,Denmark,2011,0.88,0.64,7.0
Intentional homicide,Denmark,2012,0.77,0.57,6.47
Intentional homicide,Denmark,2013,0.73,0.5,6.8
Intentional homicide,Denmark,2014,1.1,0.46,6.45
Intentional homicide,Denmark,2015,0.92,0.32,6.65
Intentional homicide,Denmark,2016,0.93,0.31,6.41
Intentional homicide,Denmark,2017,1.06,0.42,5.8
Intentional homicide,Denmark,2018,0.93,0.31,6.01
Intentional homicide,Denmark,2019,0.93,0.41,5.99
Intentional homicide,Denmark,2020,0.88,0.38,6.08
Intentional homicide,Denmark,2021,0.72,0.27,6.27
Intentional homicide,Denmark,2022,1.0,0.47,5.34
Intentional homicide,England and Wales,2008,1.17,0.66,16.4
Intentional homicide,England and Wales,2009,1.08,0.76,17.8
Intentional homicide,England and Wales,2010,1.14,0.75,16.83
Intentional homicide,England and Wales,2011,0.94,0.74,17.56
Intentional homicide,England and Wales,2012,0.97,0.81,17.95
Intentional homicide,England and Wales,2013,0.92,0.89,17.94
Intentional homicide,England and Wales,2014,0.89,0.88,17.8
Intentional homicide,England and Wales,2015,0.95,0.89,17.85
Intentional homicide,England and Wales,2016,1.16,0.95,18.21
Intentional homicide,England and Wales,2017,1.2,0.95,17.96
Intentional homicide,England and Wales,2018,1.14,0.93,17.8
Intentional homicide,Estonia,2010,5.25,4.49,79.74
Intentional homicide,Estonia,2011,4.89,3.52,81.49
Intentional homicide,Estonia,2013,3.94,3.98,78.55
Intentional homicide,Estonia,2015,3.8,3.28,66.21
Intentional homicide,Estonia,2016,2.51,3.0,60.64
Intentional homicide,Estonia,2017,2.2,2.58,55.22
Intentional homicide,Estonia,2018,1.9,2.15,50.56
Intentional homicide,Estonia,2019,1.74,2.29,46.35
Intentional homicide,Estonia,2020,2.78,1.86,43.54
Intentional homicide,Estonia,2021,1.43,1.86,42.16
Intentional homicide,Estonia,2022,1.35,2.15,39.15
Intentional homicide,Finland,2008,3.02,2.0,20.1
Intentional homicide,Finland,2009,2.59,1.92,20.64
Intentional homicide,Finland,2010,2.49,2.13,20.61
Intentional homicide,Finland,2011,2.49,2.05,20.77
Intentional homicide,Finland,2012,1.98,2.18,20.43
Intentional homicide,Finland,2013,1.97,2.32,20.89
Intentional homicide,Finland,2014,2.05,1.91,20.44
Intentional homicide,Finland,2015,2.12,2.16,20.21
Intentional homicide,Finland,2016,1.75,1.94,17.62
Intentional homicide,Finland,2017,1.34,1.83,16.85
Intentional homicide,Finland,2018,1.72,1.61,15.96
Intentional homicide,Finland,2019,1.5,1.61,15.75
Intentional homicide,Finland,2020,1.72,1.39,15.83
Intentional homicide,Finland,2021,1.7,1.54,16.13
Intentional homicide,Finland,2022,1.5,1.39,15.49
Intentional homicide,France,2008,1.52,0.74,10.66
Intentional homicide,France,2009,1.25,0.72,10.37
Intentional homicide,France,2010,1.23,0.74,10.09
Intentional homicide,France,2011,1.35,0.75,10.02
Intentional homicide,France,2012,1.25,0.75,10.02
Intentional homicide,France,2013,1.22,0.97,11.85
Intentional homicide,France,2014,1.16,0.91,11.21
Intentional homicide,France,2015,1.32,0.61,8.97
Intentional homicide,France,2016,1.17,0.97,14.35
Intentional homicide,France,2017,1.06,1.36,20.52
Intentional homicide,France,2018,1.04,1.41,21.77
Intentional homicide,France,2019,1.12,1.47,22.29
Intentional homicide,France,2020,1.03,1.1,13.26
Intentional homicide,France,2021,1.08,1.07,13.53
Intentional homicide,Germany,2013,0.77,0.61,9.0
Intentional homicide,Germany,2014,0.8,0.56,8.72
Intentional homicide,Germany,2015,0.81,0.55,8.32
Intentional homicide,Germany,2016,0.91,0.51,7.87
Intentional homicide,Germany,2017,0.89,0.49,7.75
Intentional homicide,Germany,2018,0.76,0.51,7.78
Intentional homicide,Germany,2019,0.71,0.51,7.69
Intentional homicide,Germany,2020,0.86,0.53,7.73
Intentional homicide,Germany,2021,0.76,0.51,7.65
Intentional homicide,Germany,2022,0.74,0.51,7.55
Intentional homicide,Greece,2008,1.29,0.78,13.07
Intentional homicide,Greece,2009,1.36,0.73,10.39
Intentional homicide,Greece,2010,1.58,0.37,11.88
Intentional homicide,Greece,2011,1.65,0.78,12.47
Intentional homicide,Greece,2012,1.49,0.81,14.88
Intentional homicide,Greece,2013,1.28,0.92,14.26
Intentional homicide,Greece,2014,0.96,1.06,15.32
Intentional homicide,Greece,2015,0.79,0.88,14.37
Intentional homicide,Greece,2016,0.75,1.21,15.06
Intentional homicide,Greece,2017,0.72,1.03,15.51
Intentional homicide,Greece,2018,0.88,0.89,15.26
Intentional homicide,Greece,2019,0.71,0.98,15.51
Intentional homicide,Greece,2020,0.68,1.07,14.82
Intentional homicide,Greece,2021,0.83,1.08,12.49
Intentional homicide,Greece,2022,0.76,1.12,14.16
Intentional homicide,Hungary,2013,1.39,2.68,28.24
Intentional homicide,Hungary,2014,1.31,3.0,29.38
Intentional homicide,Hungary,2015,2.05,2.64,26.96
Intentional homicide,Hungary,2017,0.87,3.32,32.73
Intentional homicide,Hungary,2018,0.85,0.72,4.86
Intentional homicide,Hungary,2019,0.59,1.82,9.15
Intentional homicide,Hungary,2020,0.79,2.61,13.44
Intentional homicide,Hungary,2021,0.69,3.24,16.77
Intentional homicide,Hungary,2022,0.88,2.62,20.5
Intentional homicide,Iceland,2013,0.31,0.62,11.15
Intentional homicide,Iceland,2017,0.89,0.6,3.51
Intentional homicide,Iceland,2018,0.57,0.0,3.94
Intentional homicide,Ireland,2013,1.11,0.78,17.29
Intentional homicide,Italy,2008,1.05,0.46,19.06
Intentional homicide,Italy,2009,1.0,0.49,19.91
Intentional homicide,Italy,2010,0.89,0.55,20.42
Intentional homicide,Italy,2011,0.93,0.53,20.58
Intentional homicide,Italy,2012,0.89,0.49,20.94
Intentional homicide,Italy,2013,0.85,0.93,32.34
Intentional homicide,Italy,2014,0.8,0.92,30.88
Intentional homicide,Italy,2015,0.77,0.81,30.15
Intentional homicide,Italy,2016,0.67,0.86,29.86
Intentional homicide,Italy,2017,0.62,0.92,30.27
Intentional homicide,Italy,2018,0.59,0.92,30.42
Intentional homicide,Italy,2019,0.53,0.91,30.69
Intentional homicide,Italy,2020,0.48,0.92,29.4
Intentional homicide,Italy,2021,0.51,0.91,29.64
Intentional homicide,Italy,2022,0.55,0.93,29.54
Intentional homicide,Kosovo*,2009,3.35,1.11,24.7
Intentional homicide,Kosovo*,2010,4.8,1.46,39.63
Intentional homicide,Kosovo*,2011,3.46,2.25,43.35
Intentional homicide,Kosovo*,2018,2.39,1.65,39.07
Intentional homicide,Kosovo*,2019,1.28,0.88,38.74
Intentional homicide,Kosovo*,2020,1.57,1.1,38.06
Intentional homicide,Latvia,2013,3.41,4.1,72.96
Intentional homicide,Latvia,2014,3.85,4.24,70.99
Intentional homicide,Latvia,2015,4.08,4.56,65.41
Intentional homicide,Latvia,2016,5.64,4.41,64.25
Intentional homicide,Latvia,2017,5.59,3.98,63.53
Intentional homicide,Latvia,2018,5.22,3.64,62.83
Intentional homicide,Latvia,2019,4.74,3.77,57.07
Intentional homicide,Latvia,2020,4.88,3.21,31.33
Intentional homicide,Latvia,2021,5.18,3.24,55.07
Intentional homicide,Latvia,2022,4.05,3.38,57.42
Intentional homicide,Liechtenstein,2013,0.0,0.0,5.48
Intentional homicide,Liechtenstein,2014,2.69,0.0,5.43
Intentional homicide,Liechtenstein,2015,0.0,0.0,0.0
Intentional homicide,Liechtenstein,2016,0.0,0.0,5.36
Intentional homicide,Lithuania,2008,8.9,4.75,114.02
Intentional homicide,Lithuania,2009,7.54,4.62,117.22
Intentional homicide,Lithuania,2010,6.33,4.85,124.12
Intentional homicide,Lithuania,2011,6.19,5.47,135.52
Intentional homicide,Lithuania,2012,6.03,5.12,136.83
Intentional homicide,Lithuania,2013,5.79,6.05,132.74
Intentional homicide,Lithuania,2014,5.27,6.3,131.64
Intentional homicide,Lithuania,2015,5.75,5.78,121.89
Intentional homicide,Lithuania,2016,4.92,5.71,118.08
Intentional homicide,Lithuania,2017,3.97,5.8,115.38
Intentional homicide,Lithuania,2018,3.45,5.89,112.16
Intentional homicide,Lithuania,2019,3.01,4.94,106.59
Intentional homicide,Lithuania,2020,3.54,4.77,99.13
Intentional homicide,Lithuania,2021,2.5,3.78,93.79
Intentional homicide,Lithuania,2022,2.21,3.07,87.17
Intentional homicide,Luxembourg,2011,0.78,1.56,14.53
Intentional homicide,Luxembourg,2012,0.57,1.52,19.1
Intentional homicide,Luxembourg,2013,0.37,1.86,18.63
Intentional homicide,Luxembourg,2014,0.73,1.46,20.72
Intentional homicide,Luxembourg,2015,0.89,1.78,20.57
Intentional homicide,Luxembourg,2016,0.87,0.35,0.0
Intentional homicide,Luxembourg,2017,0.34,1.7,15.84
Intentional homicide,Malta,2013,1.42,0.47,14.77
Intentional homicide,Malta,2014,1.41,0.0,15.06
Intentional homicide,Malta,2015,0.93,0.0,14.44
Intentional homicide,Malta,2016,1.11,0.0,17.01
Intentional homicide,Malta,2017,1.96,0.0,19.86
Intentional homicide,Malta,2018,1.26,0.0,21.2
Intentional homicide,Malta,2019,0.81,0.0,10.72
Intentional homicide,Malta,2020,1.17,0.0,10.91
Intentional homicide,Malta,2021,0.39,0.4,17.61
Intentional homicide,Malta,2022,1.54,0.4,18.51
Intentional homicide,Montenegro,2008,3.57,0.32,4.29
Intentional homicide,Montenegro,2009,1.62,0.0,4.93
Intentional homicide,Montenegro,2010,2.1,0.0,5.24
Intentional homicide,Montenegro,2011,3.07,0.32,6.21
Intentional homicide,Montenegro,2012,2.42,0.0,3.59
Intentional homicide,Montenegro,2013,1.45,0.0,4.89
Intentional homicide,Montenegro,2014,3.06,0.64,14.98
Intentional homicide,Montenegro,2015,2.73,0.32,12.68
Intentional homicide,Montenegro,2016,3.86,0.32,14.62
Intentional homicide,Montenegro,2017,1.77,0.32,15.6
Intentional homicide,Montenegro,2018,2.09,0.32,7.15
Intentional homicide,Montenegro,2019,3.38,0.0,9.75
Intentional homicide,Montenegro,2020,2.57,0.0,11.71
Intentional homicide,Montenegro,2021,2.26,0.0,13.04
Intentional homicide,Montenegro,2022,1.13,0.96,10.81
Intentional homicide,Northern Ireland (UK) (NUTS 2021),2009,1.62,0.66,16.46
Intentional homicide,Northern Ireland (UK) (NUTS 2021),2010,1.28,0.65,17.7
Intentional homicide,Northern Ireland (UK) (NUTS 2021),2011,1.27,0.76,18.04
Intentional homicide,Northern Ireland (UK) (NUTS 2021),2012,1.15,0.86,17.15
Intentional homicide,Northern Ireland (UK) (NUTS 2021),2013,1.09,1.18,18.87
Intentional homicide,Northern Ireland (UK) (NUTS 2021),2014,0.93,1.18,23.18
Intentional homicide,Northern Ireland (UK) (NUTS 2021),2015,1.3,1.17,23.05
Intentional homicide,Northern Ireland (UK) (NUTS 2021),2016,0.97,0.74,19.06
Intentional homicide,Norway,2008,0.72,0.38,5.38
Intentional homicide,Norway,2009,0.6,0.46,5.05
Intentional homicide,Norway,2010,0.6,0.45,5.03
Intentional homicide,Norway,2011,2.26,0.49,5.12
Intentional homicide,Norway,2012,0.54,0.36,5.24
Intentional homicide,Norway,2013,0.93,0.24,4.93
Intentional homicide,Norway,2014,0.57,0.35,4.83
Intentional homicide,Norway,2015,0.46,0.43,5.04
Intentional homicide,Norway,2016,0.52,0.46,4.88
Intentional homicide,Norway,2017,0.53,0.54,4.91
Intentional homicide,Norway,2018,0.47,0.65,5.55
Intentional homicide,Norway,2019,0.53,0.61,5.51
Intentional homicide,Norway,2020,0.58,0.64,5.28
Intentional homicide,Norway,2021,0.54,0.64,5.52
Intentional homicide,Norway,2022,0.55,0.56,5.3
Intentional homicide,Poland,2016,0.67,1.86,21.83
Intentional homicide,Poland,2017,0.73,1.91,21.76
Intentional homicide,Poland,2018,0.7,1.89,21.88
Intentional homicide,Poland,2019,0.54,1.82,22.05
Intentional homicide,Poland,2020,0.69,1.8,21.78
Intentional homicide,Poland,2021,0.7,1.9,21.67
Intentional homicide,Poland,2022,0.69,1.89,21.83
Intentional homicide,Portugal,2008,1.17,0.24,6.45
Intentional homicide,Portugal,2009,1.23,24.0,6.47
Intentional homicide,Portugal,2010,1.17,0.24,6.46
Intentional homicide,Portugal,2011,1.08,0.27,6.33
Intentional homicide,Portugal,2012,1.16,0.25,6.32
Intentional homicide,Portugal,2013,1.37,0.22,6.37
Intentional homicide,Portugal,2014,0.88,0.27,6.13
Intentional homicide,Portugal,2015,0.96,0.28,6.07
Intentional homicide,Portugal,2016,0.64,0.29,5.77
Intentional homicide,Portugal,2017,0.74,0.31,5.57
Intentional homicide,Portugal,2018,0.79,0.31,5.44
Intentional homicide,Portugal,2019,0.71,0.28,4.82
Intentional homicide,Portugal,2020,0.79,0.2,4.69
Intentional homicide,Portugal,2021,0.8,0.29,4.94
Intentional homicide,Portugal,2022,0.72,0.24,4.59
Intentional homicide,Romania,2008,2.28,2.51,50.13
Intentional homicide,Romania,2009,1.94,2.42,48.0
Intentional homicide,Romania,2010,1.88,2.35,47.59
Intentional homicide,Romania,2011,1.56,2.37,48.91
Intentional homicide,Romania,2012,1.88,2.3,51.95
Intentional homicide,Romania,2013,1.68,2.39,61.6
Intentional homicide,Romania,2014,1.49,2.44,61.72
Intentional homicide,Romania,2015,1.46,2.5,63.81
Intentional homicide,Romania,2016,1.25,2.43,61.62
Intentional homicide,Romania,2017,1.3,2.04,55.53
Intentional homicide,Romania,2018,1.37,1.82,50.55
Intentional homicide,Romania,2019,1.31,1.73,48.67
Intentional homicide,Romania,2020,1.32,1.89,50.36
Intentional homicide,Romania,2021,0.99,2.25,55.28
Intentional homicide,Romania,2022,0.91,1.88,52.74
Intentional homicide,Scotland (NUTS 2021),2008,1.83,1.08,31.45
Intentional homicide,Scotland (NUTS 2021),2009,1.61,1.41,31.7
Intentional homicide,Scotland (NUTS 2021),2010,1.91,1.63,30.51
Intentional homicide,Scotland (NUTS 2021),2011,1.76,1.98,30.4
Intentional homicide,Scotland (NUTS 2021),2012,1.19,2.05,30.58
Intentional homicide,Scotland (NUTS 2021),2013,1.15,2.04,31.26
Intentional homicide,Scotland (NUTS 2021),2014,1.16,2.04,31.14
Intentional homicide,Serbia,2013,1.84,1.36,17.24
Intentional homicide,Serbia,2014,1.6,1.42,20.75
Intentional homicide,Serbia,2015,1.35,1.37,21.74
Intentional homicide,Serbia,2016,1.5,1.27,19.82
Intentional homicide,Serbia,2017,1.12,1.16,20.41
Intentional homicide,Serbia,2018,1.49,1.0,21.67
Intentional homicide,Serbia,2019,1.15,1.34,20.31
Intentional homicide,Serbia,2020,1.1,1.41,20.86
Intentional homicide,Serbia,2021,1.06,0.65,21.16
Intentional homicide,Serbia,2022,1.03,1.26,23.64
Intentional homicide,Slovakia,2014,1.33,1.19,17.58
Intentional homicide,Slovakia,2015,0.89,1.08,17.52
Intentional homicide,Slovakia,2016,1.11,1.12,17.46
Intentional homicide,Slovakia,2017,1.47,1.01,13.16
Intentional homicide,Slovakia,2018,1.23,1.15,13.74
Intentional homicide,Slovakia,2019,1.39,1.25,14.54
Intentional homicide,Slovakia,2020,1.15,1.18,15.35
Intentional homicide,Slovakia,2021,1.01,1.4,16.09
Intentional homicide,Slovenia,2016,0.48,0.38,6.94
Intentional homicide,Slovenia,2017,0.92,0.29,8.1
Intentional homicide,Slovenia,2018,0.44,0.48,7.3
Intentional homicide,Slovenia,2019,0.67,0.58,9.34
Intentional homicide,Slovenia,2020,0.52,0.48,9.13
Intentional homicide,Slovenia,2021,0.43,0.38,8.11
Intentional homicide,Slovenia,2022,0.62,0.38,8.79
Intentional homicide,Spain,2008,0.89,0.65,12.49
Intentional homicide,Spain,2009,0.89,0.74,13.43
Intentional homicide,Spain,2010,0.86,0.83,13.52
Intentional homicide,Spain,2011,0.82,0.79,13.18
Intentional homicide,Spain,2012,0.78,0.99,15.55
Intentional homicide,Spain,2013,0.65,1.08,15.89
Intentional homicide,Spain,2014,0.69,1.1,15.52
Intentional homicide,Spain,2015,0.65,1.18,15.97
Intentional homicide,Spain,2016,0.63,1.27,15.8
Intentional homicide,Spain,2017,0.66,1.34,15.32
Intentional homicide,Spain,2018,0.62,0.26,15.98
Intentional homicide,Spain,2019,0.71,1.21,14.24
Intentional homicide,Spain,2020,0.63,1.19,13.88
Intentional homicide,Spain,2021,0.61,1.31,13.6
Intentional homicide,Spain,2022,0.69,1.35,13.9
Intentional homicide,Sweden,2008,0.89,0.61,8.94
Intentional homicide,Sweden,2009,1.0,0.62,9.17
Intentional homicide,Sweden,2010,0.97,0.53,9.53
Intentional homicide,Sweden,2011,0.86,0.59,9.13
Intentional homicide,Sweden,2012,0.72,0.55,9.25
Intentional homicide,Sweden,2013,0.91,0.61,11.23
Intentional homicide,Sweden,2014,0.9,0.52,10.9
Intentional homicide,Sweden,2015,1.15,0.57,11.12
Intentional homicide,Sweden,2016,1.08,0.63,11.19
Intentional homicide,Sweden,2017,1.13,0.66,11.99
Intentional homicide,Sweden,2018,1.07,0.75,12.1
Intentional homicide,Sweden,2019,1.09,0.81,12.39
Intentional homicide,Sweden,2020,1.2,0.88,13.4
Intentional homicide,Sweden,2021,1.09,1.07,14.53
Intentional homicide,Sweden,2022,1.11,1.17,16.2
Intentional homicide,Switzerland,2008,0.71,0.54,11.99
Intentional homicide,Switzerland,2009,0.66,0.74,12.12
Intentional homicide,Switzerland,2010,0.68,0.81,11.88
Intentional homicide,Switzerland,2011,0.58,0.78,11.76
Intentional homicide,Switzerland,2012,0.57,0.84,11.78
Intentional homicide,Switzerland,2013,0.71,0.81,11.77
Intentional homicide,Switzerland,2014,0.5,1.0,11.29
Intentional homicide,Switzerland,2015,0.69,1.03,12.22
Intentional homicide,Switzerland,2016,0.54,1.09,12.62
Intentional homicide,Switzerland,2017,0.53,1.15,12.72
Intentional homicide,Switzerland,2018,0.59,1.24,12.55
Intentional homicide,Switzerland,2019,0.54,1.39,13.88
Intentional homicide,Switzerland,2020,0.55,1.41,13.89
Intentional homicide,Switzerland,2021,0.48,1.35,12.99
Intentional homicide,Switzerland,2022,0.48,1.2,11.64
Intentional homicide,Türkiye,2009,2.92,0.13,4.08
Intentional homicide,Türkiye,2010,2.43,0.33,7.78
Intentional homicide,Türkiye,2011,2.29,0.34,9.07
Intentional homicide,Türkiye,2012,2.42,0.46,16.68
Intentional homicide,Türkiye,2018,2.43,2.95,81.87
Intentional homicide,Türkiye,2019,2.24,2.94,82.28
Intentional homicide,Türkiye,2020,2.36,3.07,86.51
Intentional homicide,Türkiye,2021,2.35,3.31,90.03
Intentional homicide,Türkiye,2022,2.46,3.59,96.39
Rape,Albania,2008,1.23,0.13,6.74
Rape,Albania,2009,1.07,0.81,6.0
Rape,Albania,2011,0.78,0.07,5.13
Rape,Albania,2014,1.41,0.07,5.41
Rape,Albania,2015,2.46,0.07,5.27
Rape,Albania,2016,1.53,0.07,6.71
Rape,Albania,2017,1.49,0.0,6.19
Rape,Albania,2018,1.46,0.0,7.51
Rape,Albania,2019,2.69,0.0,5.18
Rape,Albania,2020,2.28,0.0,4.58
Rape,Albania,2021,2.3,0.0,4.54
Rape,Albania,2022,2.04,0.0,5.91
Rape,Austria,2008,8.34,0.0,6.06
Rape,Austria,2009,9.35,0.0,6.38
Rape,Austria,2010,14.62,0.02,9.2
Rape,Austria,2011,15.69,0.09,9.76
Rape,Austria,2012,14.94,0.07,9.81
Rape,Austria,2013,15.32,0.05,10.28
Rape,Austria,2014,13.68,0.09,10.2
Rape,Austria,2015,13.18,0.09,9.51
Rape,Austria,2016,14.17,0.14,11.28
Rape,Austria,2017,17.01,0.13,11.57
Rape,Austria,2018,18.88,0.13,11.13
Rape,Austria,2019,18.92,0.11,11.43
Rape,Austria,2020,18.92,0.13,10.6
Rape,Austria,2021,20.61,0.11,11.1
Rape,Austria,2022,22.89,0.11,11.66
Rape,Belgium,2008,30.29,0.15,14.97
Rape,Belgium,2009,29.31,0.16,14.56
Rape,Belgium,2010,30.52,0.05,13.85
Rape,Belgium,2011,30.88,0.13,14.37
Rape,Belgium,2012,30.69,0.11,15.17
Rape,Bulgaria,2008,3.48,0.0,13.03
Rape,Bulgaria,2009,3.29,0.0,11.3
Rape,Bulgaria,2010,2.84,0.03,10.4
Rape,Bulgaria,2011,2.13,0.08,8.75
Rape,Bulgaria,2012,2.55,0.03,8.33
Rape,Bulgaria,2013,2.25,0.03,7.9
Rape,Bulgaria,2014,2.04,0.03,7.97
Rape,Bulgaria,2015,1.65,0.03,7.0
Rape,Bulgaria,2016,1.78,0.03,7.05
Rape,Bulgaria,2017,2.0,0.0,6.61
Rape,Bulgaria,2018,1.6,0.0,6.31
Rape,Bulgaria,2019,1.87,0.0,6.01
Rape,Bulgaria,2020,1.57,0.0,5.31
Rape,Bulgaria,2021,1.16,0.0,4.72
Rape,Bulgaria,2022,1.4,0.03,5.35
Rape,Croatia,2008,4.36,0.0,6.98
Rape,Croatia,2009,2.99,0.0,7.61
Rape,Croatia,2010,3.28,0.0,7.52
Rape,Croatia,2012,2.95,0.0,6.89
Rape,Croatia,2013,6.43,0.0,4.86
Rape,Croatia,2014,7.89,0.0,4.73
Rape,Croatia,2015,6.11,0.0,4.46
Rape,Croatia,2018,7.23,0.0,2.37
Rape,Croatia,2019,11.58,0.0,2.64
Rape,Croatia,2020,7.44,0.0,1.83
Rape,Croatia,2021,11.17,0.0,2.09
Rape,Croatia,2022,9.24,0.0,2.74
Rape,Cyprus,2012,3.6,0.0,7.16
Rape,Cyprus,2013,2.66,0.0,8.31
Rape,Cyprus,2022,6.3,0.0,9.07
Rape,Czechia,2011,6.44,0.06,9.73
Rape,Czechia,2012,6.37,0.07,9.52
Rape,Czechia,2013,5.6,0.13,8.97
Rape,Czechia,2014,6.36,0.13,9.08
Rape,Czechia,2015,5.67,0.13,9.58
Rape,Czechia,2016,6.15,0.07,10.37
Rape,Czechia,2017,5.65,0.06,10.38
Rape,Czechia,2018,6.14,0.04,10.33
Rape,Czechia,2019,6.41,0.04,10.41
Rape,Czechia,2020,5.98,0.06,9.86
Rape,Czechia,2021,14.21,0.11,10.05
Rape,Czechia,2022,16.29,0.15,12.44
Rape,Denmark,2008,17.81,,2.1
Rape,Denmark,2009,15.93,0.0,1.94
Rape,Denmark,2010,17.24,0.0,2.04
Rape,Denmark,2011,15.34,0.0,1.81
Rape,Denmark,2012,15.57,0.0,2.24
Rape,Denmark,2013,14.98,0.04,1.94
Rape,Denmark,2014,14.87,0.04,2.54
Rape,Denmark,2015,18.57,0.0,3.42
Rape,Denmark,2016,29.42,,3.59
Rape,Denmark,2017,31.36,,3.67
Rape,Denmark,2018,38.35,0.07,4.8
Rape,Denmark,2019,35.33,0.14,5.82
Rape,Denmark,2020,37.35,0.07,5.45
Rape,Denmark,2021,45.51,0.1,6.23
Rape,Denmark,2022,48.2,0.1,7.12
Rape,England and Wales,2008,23.98,0.04,15.77
Rape,England and Wales,2009,27.39,0.03,16.49
Rape,England and Wales,2010,28.65,0.03,16.64
Rape,England and Wales,2011,28.67,0.03,17.97
Rape,England and Wales,2012,29.05,0.04,18.86
Rape,England and Wales,2013,36.56,0.05,19.3
Rape,England and Wales,2014,51.4,0.06,20.26
Rape,England and Wales,2015,62.28,0.07,21.64
Rape,England and Wales,2016,71.59,0.07,22.91
Rape,England and Wales,2017,92.29,0.06,24.14
Rape,England and Wales,2018,99.48,0.06,24.51
Rape,Estonia,2010,6.08,0.0,19.97
Rape,Estonia,2011,6.84,0.0,14.85
Rape,Estonia,2013,10.23,0.14,14.28
Rape,Estonia,2015,12.24,0.0,14.64
Rape,Estonia,2016,11.55,0.0,13.95
Rape,Estonia,2017,11.4,0.0,14.74
Rape,Estonia,2018,16.07,0.14,15.78
Rape,Estonia,2019,15.32,0.14,16.14
Rape,Estonia,2020,11.44,0.14,15.1
Rape,Estonia,2021,13.98,0.0,13.95
Rape,Estonia,2022,11.41,0.14,12.95
Rape,France,2008,16.06,0.35,25.74
Rape,France,2009,15.29,0.34,24.8
Rape,France,2010,15.63,0.31,23.84
Rape,France,2011,16.01,0.42,24.0
Rape,France,2012,16.68,0.38,23.99
Rape,France,2013,17.03,0.29,23.82
Rape,France,2014,18.44,0.27,22.43
Rape,France,2016,22.52,0.13,13.58
Rape,France,2017,24.35,0.21,21.43
Rape,France,2018,28.58,0.23,22.15
Rape,France,2019,34.05,0.24,22.86
Rape,France,2020,37.95,0.26,23.18
Rape,France,2021,50.13,0.26,25.42
Rape,Germany,2013,9.2,0.02,3.35
Rape,Germany,2014,9.09,0.02,3.1
Rape,Germany,2015,8.65,0.02,3.14
Rape,Germany,2016,9.64,0.02,2.94
Rape,Germany,2017,10.07,0.01,4.04
Rape,Germany,2018,10.91,0.02,4.0
Rape,Germany,2019,11.53,0.03,3.61
Rape,Germany,2020,12.17,0.03,4.08
Rape,Germany,2021,12.52,0.03,4.1
Rape,Germany,2022,15.09,0.03,3.93
Rape,Greece,2008,2.07,0.02,3.69
Rape,Greece,2009,1.92,0.07,3.89
Rape,Greece,2010,1.93,0.04,3.99
Rape,Greece,2011,1.55,0.0,3.8
Rape,Greece,2012,1.51,0.02,3.24
Rape,Greece,2013,1.35,0.02,3.32
Rape,Greece,2014,1.23,0.08,3.68
Rape,Greece,2015,1.12,0.04,2.6
Rape,Greece,2016,1.44,0.11,3.16
Rape,Greece,2017,1.45,0.09,5.78
Rape,Greece,2018,1.46,0.2,5.18
Rape,Greece,2019,1.7,0.07,6.6
Rape,Greece,2020,1.6,0.04,6.46
Rape,Greece,2021,2.43,0.02,5.56
Rape,Greece,2022,3.18,0.07,5.81
Rape,Hungary,2013,2.5,0.1,8.16
Rape,Hungary,2014,3.22,0.04,6.25
Rape,Hungary,2015,3.86,0.06,5.66
Rape,Hungary,2017,6.0,0.27,13.05
Rape,Hungary,2018,5.53,0.12,6.1
Rape,Hungary,2019,3.9,0.16,12.3
Rape,Hungary,2020,5.16,0.37,18.39
Rape,Hungary,2021,4.86,0.47,22.71
Rape,Hungary,2022,6.06,0.5,22.22
Rape,Iceland,2013,55.93,0.0,7.43
Rape,Iceland,2017,62.95,0.0,6.43
Rape,Iceland,2018,75.48,0.0,3.38
Rape,Kosovo*,2018,1.78,0.0,4.17
Rape,Kosovo*,2019,2.78,0.0,3.28
Rape,Kosovo*,2020,3.37,0.0,4.23
Rape,Latvia,2013,3.61,0.0,15.97
Rape,Latvia,2014,3.75,0.09,15.05
Rape,Latvia,2015,3.02,0.0,14.49
Rape,Latvia,2016,7.21,0.0,14.82
Rape,Latvia,2017,8.26,0.09,15.18
Rape,Latvia,2018,9.1,0.19,14.05
Rape,Latvia,2019,8.91,0.19,13.79
Rape,Latvia,2020,10.59,0.19,14.76
Rape,Latvia,2021,9.09,0.2,14.51
Rape,Latvia,2022,12.9,0.3,16.34
Rape,Liechtenstein,2016,5.32,0.0,0.0
Rape,Lithuania,2008,5.1,0.12,26.82
Rape,Lithuania,2009,4.68,0.06,28.44
Rape,Lithuania,2010,6.62,0.18,29.1
Rape,Lithuania,2011,6.26,0.18,33.19
Rape,Lithuania,2012,5.93,0.06,36.07
Rape,Lithuania,2013,4.48,0.12,34.26
Rape,Lithuania,2014,5.37,0.0,33.7
Rape,Lithuania,2015,5.31,0.0,23.32
Rape,Lithuania,2016,3.81,0.0,23.32
Rape,Lithuania,2017,4.35,0.0,26.9
Rape,Lithuania,2018,4.13,0.07,25.13
Rape,Lithuania,2019,3.36,0.0,20.84
Rape,Lithuania,2020,2.58,0.13,18.78
Rape,Lithuania,2021,2.43,0.2,17.89
Rape,Lithuania,2022,2.39,0.0,14.39
Rape,Luxembourg,2011,13.68,0.0,9.43
Rape,Luxembourg,2012,14.48,0.0,9.17
Rape,Luxembourg,2013,16.57,0.0,11.92
Rape,Luxembourg,2014,13.28,0.0,8.36
Rape,Luxembourg,2015,12.08,0.0,7.8
Rape,Luxembourg,2016,18.39,0.0,3.8
Rape,Luxembourg,2017,14.22,0.0,11.46
Rape,Malta,2013,3.56,0.0,2.86
Rape,Malta,2014,2.59,0.0,3.3
Rape,Malta,2015,5.36,0.0,2.33
Rape,Malta,2016,5.99,0.0,5.52
Rape,Malta,2017,4.13,0.0,8.2
Rape,Malta,2018,3.78,0.0,4.99
Rape,Malta,2019,6.28,0.0,5.16
Rape,Malta,2020,3.3,0.0,4.52
Rape,Malta,2021,6.2,0.0,4.87
Rape,Malta,2022,7.49,0.0,5.55
Rape,Montenegro,2008,2.76,0.0,0.99
Rape,Montenegro,2009,1.46,0.0,2.3
Rape,Montenegro,2010,0.81,0.0,3.93
Rape,Montenegro,2011,0.48,0.0,0.98
Rape,Montenegro,2012,0.48,0.0,0.98
Rape,Montenegro,2013,0.64,0.0,1.3
Rape,Montenegro,2014,0.8,0.0,0.65
Rape,Montenegro,2015,0.8,0.0,0.98
Rape,Montenegro,2016,0.32,0.0,3.25
Rape,Montenegro,2017,1.61,0.0,2.6
Rape,Montenegro,2018,1.29,0.0,0.65
Rape,Montenegro,2019,0.64,0.0,3.25
Rape,Montenegro,2020,1.45,0.0,0.98
Rape,Montenegro,2021,1.29,0.0,2.28
Rape,Montenegro,2022,2.59,0.0,2.29
Rape,Northern Ireland (UK) (NUTS 2021),2009,23.63,0.0,5.49
Rape,Northern Ireland (UK) (NUTS 2021),2010,27.68,0.0,4.99
Rape,Northern Ireland (UK) (NUTS 2021),2011,30.28,0.0,4.51
Rape,Northern Ireland (UK) (NUTS 2021),2012,27.65,0.0,4.93
Rape,Northern Ireland (UK) (NUTS 2021),2013,29.73,0.0,10.49
Rape,Northern Ireland (UK) (NUTS 2021),2014,37.39,0.0,10.21
Rape,Northern Ireland (UK) (NUTS 2021),2015,40.79,0.0,5.95
Rape,Norway,2008,30.65,0.04,4.73
Rape,Norway,2009,30.85,0.04,5.38
Rape,Norway,2010,29.76,0.04,5.23
Rape,Norway,2011,32.94,0.02,5.75
Rape,Norway,2012,33.01,0.06,5.44
Rape,Norway,2013,31.56,0.08,10.29
Rape,Norway,2014,31.91,0.08,12.86
Rape,Norway,2015,36.85,0.08,14.0
Rape,Norway,2016,42.89,0.19,14.48
Rape,Norway,2017,43.89,0.19,14.53
Rape,Norway,2018,48.42,0.27,14.65
Rape,Norway,2019,41.23,0.34,15.64
Rape,Norway,2020,41.62,0.19,16.52
Rape,Norway,2021,45.83,0.34,17.98
Rape,Norway,2022,41.55,0.22,20.49
Rape,Poland,2016,2.08,0.01,5.34
Rape,Poland,2017,1.89,0.01,5.95
Rape,Poland,2018,1.99,0.02,6.31
Rape,Poland,2019,1.87,0.02,6.55
Rape,Poland,2020,1.5,0.02,6.46
Rape,Poland,2021,1.54,0.01,6.42
Rape,Poland,2022,1.57,0.01,6.44
Rape,Portugal,2008,2.98,,4.12
Rape,Portugal,2009,3.57,0.0,4.62
Rape,Portugal,2010,4.01,0.0,4.4
Rape,Portugal,2011,3.54,0.0,3.92
Rape,Portugal,2012,3.56,0.0,4.04
Rape,Portugal,2013,3.29,0.0,4.14
Rape,Portugal,2014,3.59,0.0,4.09
Rape,Portugal,2015,3.61,0.0,4.14
Rape,Portugal,2016,3.24,0.0,4.06
Rape,Portugal,2017,3.96,0.0,4.1
Rape,Portugal,2018,4.09,0.02,3.2
Rape,Portugal,2019,4.19,0.0,3.05
Rape,Portugal,2020,3.06,0.0,3.09
Rape,Portugal,2021,3.86,0.0,3.15
Rape,Portugal,2022,5.01,0.0,4.22
Rape,Romania,2008,4.92,0.04,13.68
Rape,Romania,2009,4.93,0.04,13.49
Rape,Romania,2010,4.18,0.03,14.01
Rape,Romania,2011,3.64,0.02,15.42
Rape,Romania,2012,4.45,0.07,16.83
Rape,Romania,2013,4.89,0.1,19.51
Rape,Romania,2014,4.39,0.18,19.05
Rape,Romania,2015,5.11,0.16,19.74
Rape,Romania,2016,4.76,0.21,20.89
Rape,Romania,2017,7.05,0.13,18.98
Rape,Romania,2018,7.49,0.15,19.18
Rape,Romania,2019,8.04,0.16,19.34
Rape,Romania,2020,8.25,0.21,21.0
Rape,Romania,2021,10.16,0.26,26.97
Rape,Romania,2022,11.78,0.3,29.19
Rape,Scotland (NUTS 2021),2008,15.83,0.04,7.02
Rape,Scotland (NUTS 2021),2009,16.94,0.04,6.82
Rape,Scotland (NUTS 2021),2010,19.0,0.04,6.61
Rape,Scotland (NUTS 2021),2011,22.4,0.04,6.29
Rape,Scotland (NUTS 2021),2012,25.86,0.04,5.98
Rape,Scotland (NUTS 2021),2013,31.77,0.04,6.2
Rape,Serbia,2013,1.95,0.0,6.03
Rape,Serbia,2014,1.86,0.0,6.58
Rape,Serbia,2015,1.6,0.0,5.34
Rape,Serbia,2016,1.48,0.03,5.6
Rape,Serbia,2017,1.58,0.03,5.69
Rape,Serbia,2018,1.76,0.03,5.16
Rape,Serbia,2019,1.67,0.03,4.77
Rape,Serbia,2020,1.34,0.08,6.96
Rape,Serbia,2021,1.67,0.09,6.66
Rape,Serbia,2022,1.59,0.0,6.8
Rape,Slovakia,2014,1.59,0.0,5.38
Rape,Slovakia,2015,1.6,0.0,5.45
Rape,Slovakia,2016,1.51,0.0,5.4
Rape,Slovakia,2017,1.77,0.0,9.09
Rape,Slovakia,2018,1.82,0.0,5.08
Rape,Slovakia,2019,1.78,0.0,4.96
Rape,Slovakia,2020,1.69,0.0,5.37
Rape,Slovakia,2021,1.69,0.0,5.03
Rape,Slovenia,2016,7.99,0.0,1.07
Rape,Slovenia,2017,7.65,0.0,1.37
Rape,Slovenia,2018,6.68,0.0,0.78
Rape,Slovenia,2019,8.75,0.0,0.67
Rape,Slovenia,2020,6.97,0.0,0.76
Rape,Slovenia,2021,8.25,0.0,0.57
Rape,Slovenia,2022,10.35,0.0,1.51
Rape,Spain,2008,5.34,0.04,10.03
Rape,Spain,2009,4.44,0.05,10.65
Rape,Spain,2010,3.39,0.06,10.7
Rape,Spain,2011,3.24,0.03,10.21
Rape,Spain,2012,2.73,0.05,9.54
Rape,Spain,2013,2.78,0.04,9.38
Rape,Spain,2014,2.66,0.05,9.24
Rape,Spain,2015,2.65,0.08,9.77
Rape,Spain,2016,2.69,0.22,13.92
Rape,Spain,2017,2.98,0.18,14.17
Rape,Spain,2018,3.64,0.12,14.36
Rape,Spain,2019,3.99,0.22,14.46
Rape,Spain,2020,3.37,0.24,14.87
Rape,Spain,2021,4.52,0.24,15.93
Rape,Spain,2022,6.04,0.24,17.18
Rape,Sweden,2008,53.37,0.02,9.71
Rape,Sweden,2009,58.91,0.04,9.21
Rape,Sweden,2010,58.66,0.04,8.88
Rape,Sweden,2011,64.35,0.04,8.44
Rape,Sweden,2012,62.73,0.04,8.08
Rape,Sweden,2013,58.96,0.06,7.78
Rape,Sweden,2014,65.26,0.04,8.1
Rape,Sweden,2015,56.88,0.06,7.68
Rape,Sweden,2016,64.06,0.04,7.26
Rape,Sweden,2017,69.72,0.0,6.94
Rape,Sweden,2018,74.85,0.02,6.63
Rape,Sweden,2019,80.85,0.06,8.75
Rape,Sweden,2020,86.02,0.02,10.59
Rape,Sweden,2021,89.74,0.06,10.84
Rape,Sweden,2022,86.38,0.12,12.26
Rape,Switzerland,2008,8.06,0.0,4.32
Rape,Switzerland,2009,8.65,0.0,3.88
Rape,Switzerland,2010,6.97,0.0,4.67
Rape,Switzerland,2011,7.01,0.03,4.07
Rape,Switzerland,2012,7.15,0.02,4.03
Rape,Switzerland,2013,7.1,0.0,4.31
Rape,Switzerland,2014,6.83,0.0,4.4
Rape,Switzerland,2015,6.46,0.0,4.3
Rape,Switzerland,2016,7.06,0.0,5.02
Rape,Switzerland,2017,7.35,0.0,5.01
Rape,Switzerland,2018,7.38,0.02,5.06
Rape,Switzerland,2019,7.95,0.0,5.57
Rape,Switzerland,2020,8.28,0.0,5.62
Rape,Switzerland,2021,8.73,0.0,5.09
Rape,Switzerland,2022,9.92,0.0,4.38
Sexual assault,Albania,2008,0.57,0.06,1.76
Sexual assault,Albania,2009,0.91,0.19,1.77
Sexual assault,Albania,2011,0.78,0.21,0.91
Sexual assault,Albania,2014,1.93,0.14,3.7
Sexual assault,Albania,2015,2.7,0.14,3.9
Sexual assault,Albania,2016,2.64,0.0,2.19
Sexual assault,Albania,2017,2.43,0.0,2.68
Sexual assault,Albania,2018,2.33,0.0,2.85
Sexual assault,Albania,2019,2.69,0.0,3.08
Sexual assault,Albania,2020,2.81,0.0,2.96
Sexual assault,Albania,2021,2.47,0.0,3.26
Sexual assault,Albania,2022,4.01,0.0,3.17
Sexual assault,Austria,2008,42.03,0.02,5.1
Sexual assault,Austria,2009,36.68,0.05,5.08
Sexual assault,Austria,2010,27.24,0.02,6.07
Sexual assault,Austria,2011,31.56,0.05,6.79
Sexual assault,Austria,2012,33.11,0.07,6.83
Sexual assault,Austria,2013,25.47,0.05,7.15
Sexual assault,Austria,2014,24.91,0.02,6.93
Sexual assault,Austria,2015,23.43,0.0,6.13
Sexual assault,Austria,2016,32.46,0.0,2.64
Sexual assault,Austria,2017,27.55,0.0,2.83
Sexual assault,Austria,2018,27.48,0.0,3.43
Sexual assault,Austria,2019,26.64,0.0,3.74
Sexual assault,Austria,2020,23.99,0.02,4.02
Sexual assault,Austria,2021,24.73,0.0,4.82
Sexual assault,Austria,2022,28.6,0.0,5.42
Sexual assault,Belgium,2008,70.76,0.31,13.8
Sexual assault,Belgium,2009,69.35,0.29,14.12
Sexual assault,Belgium,2010,70.25,0.25,13.2
Sexual assault,Belgium,2011,71.84,0.2,13.46
Sexual assault,Belgium,2012,66.08,0.12,14.29
Sexual assault,Bulgaria,2008,6.48,0.0,4.81
Sexual assault,Bulgaria,2009,6.43,0.0,4.87
Sexual assault,Bulgaria,2010,6.53,0.0,4.59
Sexual assault,Bulgaria,2011,6.68,0.0,4.85
Sexual assault,Bulgaria,2012,6.81,0.0,4.82
Sexual assault,Bulgaria,2013,6.42,0.03,5.27
Sexual assault,Bulgaria,2014,6.38,0.03,4.88
Sexual assault,Bulgaria,2015,6.72,0.03,5.0
Sexual assault,Bulgaria,2018,6.55,0.0,4.21
Sexual assault,Bulgaria,2019,6.77,0.03,4.03
Sexual assault,Bulgaria,2020,6.6,0.0,3.92
Sexual assault,Bulgaria,2021,6.75,0.0,3.55
Sexual assault,Bulgaria,2022,6.89,0.03,5.07
Sexual assault,Croatia,2008,13.38,0.18,5.59
Sexual assault,Croatia,2009,12.41,0.18,6.31
Sexual assault,Croatia,2010,5.95,0.04,6.41
Sexual assault,Croatia,2012,5.07,0.09,7.32
Sexual assault,Croatia,2013,7.09,0.14,5.4
Sexual assault,Croatia,2014,6.33,0.09,5.22
Sexual assault,Croatia,2015,8.21,0.05,6.52
Sexual assault,Croatia,2018,5.94,0.05,5.2
Sexual assault,Croatia,2019,8.61,0.05,7.45
Sexual assault,Croatia,2020,6.53,0.0,3.45
Sexual assault,Croatia,2021,9.74,0.1,2.75
Sexual assault,Croatia,2022,8.62,0.05,2.63
Sexual assault,Cyprus,2022,0.0,0.0,15.64
Sexual assault,Czechia,2011,7.45,0.37,20.03
Sexual assault,Czechia,2012,7.05,0.49,19.85
Sexual assault,Czechia,2013,7.86,3.25,14.46
Sexual assault,Czechia,2014,7.23,0.43,17.72
Sexual assault,Czechia,2015,7.79,0.11,3.38
Sexual assault,Czechia,2016,6.91,0.09,3.74
Sexual assault,Czechia,2017,7.59,0.07,3.75
Sexual assault,Czechia,2018,7.4,0.06,3.43
Sexual assault,Czechia,2019,8.12,0.04,4.0
Sexual assault,Czechia,2020,7.4,0.02,3.79
Sexual assault,Czechia,2021,0.78,0.06,3.77
Sexual assault,Czechia,2022,0.86,0.04,4.19
Sexual assault,Denmark,2008,15.29,,2.4
Sexual assault,Denmark,2009,14.39,0.07,2.45
Sexual assault,Denmark,2010,19.08,0.04,3.61
Sexual assault,Denmark,2011,18.22,0.11,3.56
Sexual assault,Denmark,2012,18.55,0.0,2.86
Sexual assault,Denmark,2013,17.92,0.04,3.06
Sexual assault,Denmark,2014,27.21,0.07,2.58
Sexual assault,Denmark,2015,27.56,0.07,2.24
Sexual assault,Denmark,2016,37.04,0.07,2.04
Sexual assault,Denmark,2017,52.05,0.03,2.31
Sexual assault,Denmark,2018,57.48,0.1,2.43
Sexual assault,Denmark,2019,48.98,0.07,2.42
Sexual assault,Denmark,2020,54.87,0.14,1.55
Sexual assault,Denmark,2021,63.1,2.18,0.03
Sexual assault,England and Wales,2008,40.67,0.13,12.48
Sexual assault,England and Wales,2009,40.39,0.18,13.55
Sexual assault,England and Wales,2010,41.87,0.26,17.21
Sexual assault,England and Wales,2011,39.8,0.26,17.54
Sexual assault,England and Wales,2012,40.01,0.25,18.59
Sexual assault,England and Wales,2013,46.01,0.22,18.14
Sexual assault,England and Wales,2014,61.07,0.26,19.14
Sexual assault,England and Wales,2015,71.82,0.23,18.45
Sexual assault,England and Wales,2016,79.39,0.3,20.38
Sexual assault,England and Wales,2017,95.29,0.31,21.54
Sexual assault,England and Wales,2018,100.17,0.37,21.66
Sexual assault,Estonia,2011,6.69,0.0,3.23
Sexual assault,Estonia,2013,7.95,0.0,1.79
Sexual assault,Estonia,2015,9.35,0.0,2.77
Sexual assault,Estonia,2016,9.04,0.0,2.76
Sexual assault,Estonia,2017,8.28,0.0,2.59
Sexual assault,Estonia,2018,6.37,0.0,2.58
Sexual assault,Estonia,2019,11.47,0.0,2.56
Sexual assault,Estonia,2020,11.89,0.0,3.65
Sexual assault,Estonia,2021,10.07,0.0,2.85
Sexual assault,Estonia,2022,10.81,0.0,2.68
Sexual assault,Finland,2008,33.88,0.0,3.2
Sexual assault,Finland,2009,27.02,0.04,3.75
Sexual assault,Finland,2010,29.26,0.18,3.5
Sexual assault,Finland,2011,39.44,0.26,3.71
Sexual assault,Finland,2012,41.19,0.11,3.54
Sexual assault,Finland,2013,37.09,0.11,3.98
Sexual assault,Finland,2014,33.31,0.11,4.03
Sexual assault,Finland,2015,31.6,0.07,4.87
Sexual assault,France,2016,31.7,0.01,3.23
Sexual assault,France,2017,35.05,0.02,4.41
Sexual assault,France,2018,42.89,0.03,4.31
Sexual assault,France,2019,48.16,0.03,4.23
Sexual assault,France,2020,47.95,0.17,16.88
Sexual assault,France,2021,63.08,0.17,17.57
Sexual assault,Germany,2013,34.68,0.06,6.71
Sexual assault,Germany,2014,34.19,0.05,6.25
Sexual assault,Germany,2015,33.55,0.05,6.12
Sexual assault,Germany,2016,35.59,0.08,5.68
Sexual assault,Germany,2017,32.12,0.03,3.31
Sexual assault,Germany,2018,38.11,0.04,3.45
Sexual assault,Germany,2019,37.52,0.05,3.85
Sexual assault,Germany,2020,37.22,0.05,3.41
Sexual assault,Germany,2021,37.74,0.04,3.61
Sexual assault,Germany,2022,44.61,0.03,3.91
Sexual assault,Greece,2008,4.02,0.02,1.69
Sexual assault,Greece,2009,6.41,0.02,1.89
Sexual assault,Greece,2010,1.68,0.02,2.05
Sexual assault,Greece,2011,1.61,0.02,1.06
Sexual assault,Greece,2012,1.83,0.02,3.08
Sexual assault,Greece,2013,1.7,0.04,2.16
Sexual assault,Greece,2014,1.75,0.05,3.21
Sexual assault,Greece,2015,2.39,0.05,2.52
Sexual assault,Greece,2016,2.44,0.2,3.77
Sexual assault,Greece,2017,2.08,0.0,5.23
Sexual assault,Greece,2018,1.69,0.0,3.95
Sexual assault,Greece,2019,0.65,0.02,3.96
Sexual assault,Greece,2020,0.11,0.29,3.57
Sexual assault,Greece,2021,0.11,0.0,3.1
Sexual assault,Greece,2022,0.18,0.02,1.8
Sexual assault,Hungary,2013,4.35,0.0,0.32
Sexual assault,Hungary,2014,2.3,0.02,2.02
Sexual assault,Hungary,2015,2.45,0.0,1.75
Sexual assault,Iceland,2013,17.4,0.0,6.81
Sexual assault,Iceland,2017,20.39,0.0,0.0
Sexual assault,Iceland,2018,11.48,0.0,0.0
Sexual assault,Italy,2008,8.34,0.17,1.79
Sexual assault,Italy,2009,8.41,0.15,1.95
Sexual assault,Italy,2010,8.13,0.22,2.08
Sexual assault,Italy,2011,7.78,0.19,2.15
Sexual assault,Italy,2012,7.89,0.15,2.16
Sexual assault,Italy,2013,7.52,0.15,2.17
Sexual assault,Italy,2014,7.0,0.16,2.02
Sexual assault,Kosovo*,2018,2.56,0.11,1.58
Sexual assault,Kosovo*,2019,3.4,0.0,2.26
Sexual assault,Kosovo*,2020,3.14,0.22,4.8
Sexual assault,Latvia,2013,15.02,0.0,13.27
Sexual assault,Latvia,2014,18.44,0.09,11.89
Sexual assault,Latvia,2015,12.24,0.09,13.17
Sexual assault,Latvia,2016,4.22,0.19,14.71
Sexual assault,Latvia,2017,5.74,0.38,16.75
Sexual assault,Latvia,2018,6.88,0.38,17.76
Sexual assault,Latvia,2019,7.08,0.39,19.66
Sexual assault,Latvia,2020,6.03,0.29,20.43
Sexual assault,Latvia,2021,9.14,0.29,22.74
Sexual assault,Latvia,2022,9.01,0.3,35.44
Sexual assault,Liechtenstein,2016,18.61,0.0,5.36
Sexual assault,Lithuania,2015,3.7,0.13,8.1
Sexual assault,Lithuania,2016,3.39,0.06,7.37
Sexual assault,Lithuania,2017,3.58,0.0,2.82
Sexual assault,Lithuania,2018,3.67,0.07,1.77
Sexual assault,Lithuania,2019,3.44,0.0,2.7
Sexual assault,Lithuania,2020,1.93,0.07,2.91
Sexual assault,Lithuania,2021,2.83,0.0,3.27
Sexual assault,Lithuania,2022,2.64,0.13,2.91
Sexual assault,Luxembourg,2011,55.49,0.0,2.36
Sexual assault,Luxembourg,2012,61.35,0.0,4.97
Sexual assault,Luxembourg,2013,58.84,0.0,0.75
Sexual assault,Luxembourg,2014,65.86,0.0,3.27
Sexual assault,Luxembourg,2015,51.16,0.0,1.77
Sexual assault,Malta,2013,18.75,0.0,1.43
Sexual assault,Malta,2014,15.52,0.0,1.88
Sexual assault,Malta,2015,18.87,0.0,9.78
Sexual assault,Malta,2016,13.54,0.0,17.93
Sexual assault,Malta,2017,12.82,0.0,8.63
Sexual assault,Malta,2018,15.77,0.43,7.07
Sexual assault,Malta,2019,17.83,0.41,7.94
Sexual assault,Malta,2020,13.99,0.4,7.53
Sexual assault,Malta,2021,20.54,0.4,9.74
Sexual assault,Malta,2022,19.58,0.0,3.7
Sexual assault,Montenegro,2008,3.74,0.0,0.33
Sexual assault,Montenegro,2009,6.16,0.0,0.66
Sexual assault,Montenegro,2010,6.3,0.0,0.98
Sexual assault,Montenegro,2011,3.39,0.0,1.63
Sexual assault,Montenegro,2012,3.39,0.0,0.0
Sexual assault,Montenegro,2013,3.06,0.32,0.65
Sexual assault,Montenegro,2014,4.18,0.0,1.3
Sexual assault,Montenegro,2015,3.38,0.0,0.65
Sexual assault,Montenegro,2016,2.57,0.0,1.62
Sexual assault,Montenegro,2017,1.12,0.0,1.3
Sexual assault,Montenegro,2018,2.09,0.0,0.65
Sexual assault,Montenegro,2019,4.5,0.0,3.57
Sexual assault,Montenegro,2020,2.25,0.0,1.3
Sexual assault,Montenegro,2021,3.87,0.0,2.61
Sexual assault,Montenegro,2022,3.24,0.0,2.95
Sexual assault,Northern Ireland (UK) (NUTS 2021),2009,75.41,0.0,9.49
Sexual assault,Northern Ireland (UK) (NUTS 2021),2010,76.15,0.0,12.59
Sexual assault,Northern Ireland (UK) (NUTS 2021),2011,71.4,0.0,9.58
Sexual assault,Northern Ireland (UK) (NUTS 2021),2012,74.55,0.0,10.88
Sexual assault,Northern Ireland (UK) (NUTS 2021),2013,54.03,0.0,11.27
Sexual assault,Northern Ireland (UK) (NUTS 2021),2014,62.86,0.0,9.76
Sexual assault,Northern Ireland (UK) (NUTS 2021),2015,70.52,0.0,9.37
Sexual assault,Northern Ireland (UK) (NUTS 2021),2016,73.5,0.11,7.34
Sexual assault,Norway,2008,31.81,0.0,0.31
Sexual assault,Norway,2009,30.1,0.0,0.31
Sexual assault,Norway,2010,32.23,0.0,0.22
Sexual assault,Norway,2011,33.79,0.0,0.26
Sexual assault,Norway,2012,31.78,0.0,0.56
Sexual assault,Norway,2013,32.29,0.0,0.67
Sexual assault,Norway,2014,35.38,0.0,0.58
Sexual assault,Norway,2015,40.99,0.0,0.69
Sexual assault,Norway,2016,56.13,0.0,0.8
Sexual assault,Norway,2017,55.09,0.04,1.32
Sexual assault,Norway,2018,51.63,0.04,1.31
Sexual assault,Norway,2019,46.75,0.04,0.74
Sexual assault,Norway,2020,44.51,0.0,1.33
Sexual assault,Norway,2021,51.92,0.04,1.03
Sexual assault,Norway,2022,46.28,0.0,1.1
Sexual assault,Poland,2016,1.35,0.05,12.69
Sexual assault,Poland,2017,1.2,0.06,13.42
Sexual assault,Poland,2018,1.1,0.06,14.27
Sexual assault,Poland,2019,1.52,0.0,0.41
Sexual assault,Poland,2020,0.95,0.01,0.44
Sexual assault,Poland,2021,0.93,0.01,0.39
Sexual assault,Poland,2022,0.95,0.01,0.42
Sexual assault,Portugal,2013,17.08,0.15,5.16
Sexual assault,Portugal,2014,18.77,0.09,5.45
Sexual assault,Portugal,2015,19.95,0.0,6.58
Sexual assault,Portugal,2016,20.67,0.09,5.59
Sexual assault,Portugal,2017,20.66,0.07,5.69
Sexual assault,Portugal,2018,19.84,0.13,4.38
Sexual assault,Portugal,2019,22.09,0.02,4.29
Sexual assault,Portugal,2020,20.58,0.02,4.38
Sexual assault,Portugal,2021,22.55,0.0,4.55
Sexual assault,Portugal,2022,24.2,0.0,4.57
Sexual assault,Romania,2008,2.67,0.01,0.64
Sexual assault,Romania,2009,2.93,0.01,0.77
Sexual assault,Romania,2010,2.74,0.01,0.84
Sexual assault,Romania,2011,2.55,0.0,0.83
Sexual assault,Romania,2012,3.21,0.0,1.08
Sexual assault,Romania,2013,3.72,0.01,1.32
Sexual assault,Romania,2014,3.21,0.01,1.41
Sexual assault,Romania,2015,0.4,0.02,1.67
Sexual assault,Romania,2016,0.5,0.03,2.01
Sexual assault,Romania,2017,0.73,0.02,2.12
Sexual assault,Romania,2018,1.47,0.01,0.98
Sexual assault,Romania,2019,1.81,0.03,1.82
Sexual assault,Romania,2020,1.65,0.03,2.52
Sexual assault,Romania,2021,2.06,0.06,3.12
Sexual assault,Romania,2022,2.36,0.02,3.47
Sexual assault,Scotland (NUTS 2021),2008,71.15,0.0,1.2
Sexual assault,Scotland (NUTS 2021),2009,76.02,0.0,1.07
Sexual assault,Scotland (NUTS 2021),2010,80.72,0.0,2.24
Sexual assault,Scotland (NUTS 2021),2011,95.61,0.0,2.15
Sexual assault,Scotland (NUTS 2021),2012,101.05,0.0,1.94
Sexual assault,Scotland (NUTS 2021),2013,66.22,0.0,1.74
Sexual assault,Serbia,2013,1.68,0.0,0.77
Sexual assault,Serbia,2014,2.17,0.0,0.75
Sexual assault,Serbia,2015,1.88,0.0,0.95
Sexual assault,Serbia,2016,2.52,0.0,0.75
Sexual assault,Serbia,2017,2.87,0.0,0.99
Sexual assault,Serbia,2018,4.83,0.0,0.73
Sexual assault,Serbia,2019,6.36,0.03,1.24
Sexual assault,Serbia,2020,5.67,0.0,1.1
Sexual assault,Serbia,2021,7.95,0.0,1.46
Sexual assault,Serbia,2022,5.53,0.0,1.81
Sexual assault,Slovakia,2014,1.0,0.11,7.77
Sexual assault,Slovakia,2015,1.38,0.07,8.29
Sexual assault,Slovakia,2016,1.09,0.11,8.31
Sexual assault,Slovakia,2017,1.6,0.07,2.56
Sexual assault,Slovakia,2018,1.4,0.04,2.97
Sexual assault,Slovakia,2019,1.43,0.04,3.38
Sexual assault,Slovakia,2020,1.08,0.04,3.53
Sexual assault,Slovakia,2021,1.32,0.0,3.71
Sexual assault,Slovenia,2016,3.15,0.0,0.39
Sexual assault,Slovenia,2017,3.15,0.0,0.59
Sexual assault,Slovenia,2018,2.37,0.0,7.11
Sexual assault,Slovenia,2019,2.84,0.0,5.01
Sexual assault,Slovenia,2020,3.29,0.0,4.76
Sexual assault,Slovenia,2021,3.03,0.0,3.21
Sexual assault,Slovenia,2022,3.37,0.0,4.82
Sexual assault,Spain,2008,18.5,0.11,5.02
Sexual assault,Spain,2009,16.59,0.18,5.29
Sexual assault,Spain,2010,18.02,0.18,5.33
Sexual assault,Spain,2011,17.95,0.2,5.2
Sexual assault,Spain,2012,16.51,0.21,4.24
Sexual assault,Spain,2013,16.32,0.18,4.46
Sexual assault,Spain,2014,17.69,0.21,5.29
Sexual assault,Spain,2015,13.49,0.18,4.01
Sexual assault,Spain,2016,16.1,0.01,6.34
Sexual assault,Spain,2017,17.36,0.06,6.78
Sexual assault,Spain,2018,21.24,0.14,8.07
Sexual assault,Spain,2019,23.77,0.15,8.55
Sexual assault,Spain,2020,20.1,0.14,8.24
Sexual assault,Spain,2021,26.95,0.13,8.14
Sexual assault,Spain,2022,29.36,0.13,10.69
Sexual assault,Sweden,2008,99.72,0.04,0.5
Sexual assault,Sweden,2009,103.12,0.0,0.67
Sexual assault,Sweden,2010,107.68,0.0,0.58
Sexual assault,Sweden,2011,106.59,0.02,0.55
Sexual assault,Sweden,2012,107.83,0.06,0.72
Sexual assault,Sweden,2013,92.86,0.0,0.31
Sexual assault,Sweden,2014,105.89,0.0,0.19
Sexual assault,Sweden,2015,95.61,0.0,0.23
Sexual assault,Sweden,2016,111.32,0.0,0.28
Sexual assault,Sweden,2017,115.11,0.02,0.38
Sexual assault,Sweden,2018,111.57,0.0,0.45
Sexual assault,Sweden,2019,108.91,0.0,0.21
Sexual assault,Sweden,2020,112.0,0.04,0.64
Sexual assault,Sweden,2021,121.74,0.0,0.52
Sexual assault,Sweden,2022,108.16,0.0,0.55
Sexual assault,Switzerland,2009,30.14,0.0,0.91
Sexual assault,Switzerland,2010,25.03,0.0,0.91
Sexual assault,Switzerland,2011,28.76,0.0,0.81
Sexual assault,Switzerland,2012,25.29,0.0,1.03
Sexual assault,Switzerland,2013,26.43,0.0,2.04
Sexual assault,Switzerland,2014,26.92,0.0,1.86
Sexual assault,Switzerland,2015,26.44,0.02,1.91
Sexual assault,Switzerland,2016,25.87,0.02,2.21
Sexual assault,Switzerland,2017,37.25,0.02,1.92
Sexual assault,Switzerland,2018,7.84,0.02,2.26
Sexual assault,Switzerland,2019,7.33,0.05,3.04
Sexual assault,Switzerland,2020,7.94,0.05,2.95
Sexual assault,Switzerland,2021,8.3,0.02,3.04
Sexual assault,Switzerland,2022,8.61,0.02,2.65
Sexual assault,Türkiye,2018,9.31,0.08,21.82
Sexual assault,Türkiye,2019,10.34,0.1,23.07
Sexual assault,Türkiye,2020,9.32,0.1,24.65
Sexual assault,Türkiye,2021,10.82,0.13,29.03
Sexual assault,Türkiye,2022,11.43,0.15,34.23
